{"fc": 0.7420393568724817, "fb": 0.7497409540896124}