{"fc": 0.8230923525111622, "fb": 0.8608574451133177}