{"fc": 0.5457864944685442, "fb": 0.6083102089125849}