{"fc": 0.85775024448896, "fb": 0.7257054904201407}