{"fc": 0.9411818417748279, "fb": 0.8432698077742007}