{"fc": 0.6232503400866819, "fb": 0.8182037683197235}