{"fc": 0.2800001357399016, "fb": 0.9842692329236509}