{"fc": 0.8938169699536926, "fb": 0.9476561646449732}