{"fc": 0.6552322646751655, "fb": 0.8725683524805214}