{"fc": 0.5535925471293204, "fb": 0.5026345069722973}