{"fc": 0.5969805015411216, "fb": 0.8325232773432696}