{"fc": 0.5512890612901752, "fb": 0.925990431445636}