{"fc": -0.3596720176029186, "fb": 0.6785450334197067}