{"fc": -1.8599888860842755, "fb": -1.2020283180615878}