{"fc": -0.9061654129199802, "fb": 0.9587222427194646}