{"fc": 0.6192949919127901, "fb": 0.8779621483144558}