{"fc": 0.8071274991197307, "fb": 0.9812900801453347}