{"fc": 0.9761084179952139, "fb": 0.4438295214940994}