{"fc": 0.9905788182471171, "fb": 0.7920284876103844}