{"fc": -1.8608542793761846, "fb": -1.4787988172206554}