{"fc": -0.850894205170581, "fb": 0.9566151528300725}