{"fc": 0.7333944105977496, "fb": 0.5477096024313616}