{"fc": 0.7682736199127326, "fb": 0.9768256201900122}