{"fc": 0.9561039802860144, "fb": 0.5615257951989285}