{"fc": 0.9800960571977607, "fb": 0.7687108362441516}