n,diversity,
4,0.179710612244898,
6,0.17896566326530614,