{"mario-1-1": [0.0697284186376431, 0.08627451394536292, 0.09806107530838912, 0.10833910452234921, 0.11363611996496142, 0.1175146108864844, 0.11544574175741139, 0.11339342379663389, 0.11339342379663389, 0.1157151240954235, 0.11834196560647302, 0.12723318301029762, 0.1361382584170873, 0.14273401963910867, 0.14723353407257378, 0.14628014571811576, 0.15085096021140634, 0.16592085906620246, 0.17070576777116966, 0.18403011957509863, 0.19416101840962063, 0.19552085979121211, 0.18402414476429885, 0.17328166309450527, 0.1552209464365709, 0.13564748905020224, 0.12096381463683015, 0.12321845184081218, 0.11598316342492801, 0.11188069084885396, 0.11140800737259393, 0.1145245239621824, 0.1194713581864168, 0.12237179235171727, 0.12237179235171727, 0.11596569625767747, 0.11596569625767748, 0.10236454523645548, 0.09017760177513545, 0.0794391129704165, 0.06924985760712332, 0.05978748956776749, 0.05718883443602313, 0.054143797803291274, 0.05061030926826135, 0.052054375735363576, 0.05542642585123492, 0.0639139307943511, 0.0734211890403281, 0.08748622415209495, 0.10060760952691193, 0.11317278257678914, 0.11562067219479819, 0.12021390367934214, 0.11648349722327933, 0.11979283810216985, 0.12967920361501928, 0.13901456335170598, 0.1409131676210436, 0.1404086472084064, 0.14932987900772177, 0.15149692195923942], "mario-1-2": [0.08431408447513566, 0.08498422169258402, 0.08828163966697546, 0.08725782718446704, 0.09390416943769608, 0.0969209481559643, 0.09819850408840279, 0.1002885516562907, 0.10114437975323678, 0.10181511379878885, 0.0893016885127211, 0.08643129760877194, 0.08753804559388156, 0.09279189331294035, 0.10503212583424804, 0.10371592309700536, 0.1145528782310584, 0.1274790310521242], "mario-1-3": [0.08834662255368336, 0.08944391475851177, 0.09287801741483283, 0.09344666359281348, 0.09527474857984147, 0.10113757864988274, 0.10671718339091629, 0.11298320748071061, 0.11972277428130038, 0.12307599851246842], "mario-2-1": [0.12510950594597092, 0.13127285586782605, 0.1347767054520316, 0.12772361658017406, 0.12217565065139371, 0.11816844154237843, 0.11751499569276078, 0.1160661649743295, 0.10364879458395616, 0.09157766263875725, 0.09511506136311887, 0.0843174788293488, 0.08589381251747895, 0.0857127548993806, 0.08567714618028702, 0.06926666151923727, 0.053749043663599255, 0.0461094537976417, 0.04112998348387573, 0.040251664149352974, 0.04534135756683076, 0.05617409713512471, 0.061698595945255355, 0.06952040974867502, 0.08316816637711134, 0.09021355097245748, 0.09300650890144391, 0.10070059641053013, 0.09866238424891163, 0.10482000095740795, 0.0992219873789052, 0.09274174131795546, 0.08983530232646994, 0.0910659236931994, 0.0829319172556528, 0.07242693508583342, 0.06162201597919556, 0.06045073378111448, 0.059495081717617124, 0.06384259962165162, 0.06487700108824711, 0.06506182891249798, 0.06977268497256466, 0.07142194133031524, 0.08607124655889226, 0.10445180663341316, 0.11585034254520588, 0.11224978016011686, 0.11078158293815396, 0.11542313957371889, 0.1139168388293009, 0.11755979568770199, 0.12119975484818962, 0.12141943946524293, 0.12047187811446736, 0.12014910116818535, 0.12014910116818535], "mario-3-1": [0.1301535708251868, 0.1265972331117899, 0.12221616674230759, 0.12037287773014979, 0.13264958218108946, 0.14434423106668776, 0.1566902724964734, 0.16012522730297202, 0.16032882895460998, 0.16386662995430118, 0.16063299065275766, 0.15977552005285683, 0.16401776456934603, 0.1550185714423257, 0.15015323031861397, 0.14755519395117808, 0.14497050614702395, 0.14061914575033557, 0.14316803065169512, 0.13221841467972784, 0.12815806475890965, 0.1221772366682626, 0.12693902653371114, 0.13002259444293976, 0.13414027284971236, 0.14086049558693187, 0.13597744849966745, 0.12275222085382878, 0.11674608523285843, 0.1279403185101503, 0.13665207582804295, 0.13260398870628587, 0.11824811834077417, 0.10862488984619917, 0.10920363224058238, 0.11837128011541315, 0.1219671507317435, 0.1176709798900992, 0.11545396746769473, 0.113270885554927, 0.11016328165073541, 0.10842801000850881, 0.10241719497866072, 0.10607326311947063, 0.11225842966538277, 0.11885944106917118, 0.12793977279769378, 0.13097822552162858, 0.12554312369146522, 0.1202066376584642, 0.11123934376857966, 0.10235934249123513, 0.09844342092764852, 0.09760909943394691, 0.0909917143956917, 0.07731682584148221, 0.07855134240104919], "mario-3-3": [0.013021154855948694, 0.01522141549628709, 0.014935078737402411, 0.014448365205447396, 0.014730422985848687, 0.016385355443292695, 0.016323189949696823, 0.01680652784887173, 0.021599166710045102], "mario-4-1": [0.03873161228941603, 0.03873161228941603, 0.039549090560814154, 0.04099523057982812, 0.04384717556160452, 0.04842427276298242, 0.048812768764772, 0.04882302192816351, 0.04978140490974002, 0.04319582678936405, 0.0432857662531332, 0.04382790440355533, 0.04382790440355533, 0.0489214049917516, 0.049874881065344066, 0.04946794282279157, 0.04742360594830941, 0.05026662442283393, 0.057800798123648064, 0.06901363861083042, 0.07383867875226703, 0.07383867875226703, 0.07383867875226703, 0.07383867875226703, 0.07383867875226703, 0.07541537972559058, 0.07552636387673592, 0.07417391418480503, 0.07291359415964119, 0.0672942064434661, 0.06558155370699316, 0.05557473716719239, 0.053950295465011684, 0.05543983627055096, 0.05152443710932215, 0.055105752813641294, 0.05406091367762254, 0.04964231634781659, 0.04671375241847974, 0.04671375241847974, 0.04671375241847974, 0.04671375241847974, 0.04671375241847974, 0.05288684400879576, 0.050634935625631365, 0.044596195394150176, 0.040001753937276494, 0.039606867252465865, 0.03556893444768505, 0.03556893444768505, 0.03556893444768505, 0.03556893444768505, 0.03556893444768505, 0.03556893444768505, 0.03556893444768505, 0.03452570406614289, 0.03716436363050246, 0.034026437379048334, 0.03299334272314078, 0.03299334272314078, 0.030091974069494647, 0.029668809948822157, 0.03195970996879439, 0.03478270363041111, 0.040126198320754605, 0.0470588780871188, 0.05560571002344686, 0.06581198631204818, 0.07774138958282623, 0.07994528412470323, 0.08930956245976973, 0.09378335451502581, 0.0963869475733363, 0.09791423022598564, 0.09808520477660626, 0.10079367549004845, 0.10079367549004845, 0.10079367549004845, 0.10079367549004845, 0.10368364259186319, 0.10495662800051694, 0.10495662800051694], "mario-4-2": [0.14398229777241559, 0.13648865770655022, 0.1337250287812966, 0.15078871872544042, 0.16855004713980354, 0.18640081962326105, 0.1983240097240328, 0.2079836177485046, 0.22684009434848879, 0.24505042039646807, 0.2615507533215425, 0.2702830405459777, 0.2832670194802991, 0.2958523391711374, 0.3108594408390023, 0.32621365013154835, 0.3506319172587886, 0.3728805925690827, 0.3989384571710687, 0.4210980556488355, 0.4362483327681721, 0.43804495126470555, 0.3967555778316813, 0.37131574398691214, 0.34874255952719757, 0.32955561742725514, 0.30152659879827726, 0.27842169081555485, 0.25807529483590064, 0.24827797005648689, 0.22968190700963004, 0.20906301682674477, 0.185670542835077, 0.17065770776158878, 0.15964056327954243, 0.15104990856029926, 0.1453386329404459, 0.14925422278121658, 0.15577716655377613, 0.16415199574326644, 0.16574660925925883, 0.17610880359608222, 0.18605762325762654, 0.2054046456601213, 0.21030294734326255, 0.2107170051764684, 0.22371734349142203], "mario-5-3": [0.08931044971569037, 0.09071635774104059, 0.094526987027623, 0.09501390103774837, 0.09689486134953812, 0.10284172862187857, 0.10897080180368118, 0.1159653480829172, 0.12370446395044887, 0.12710398808842355],