{"mario-1-1": [0.8910379474712465, 1.0133134270140427, 1.168401236154598, 1.4389089980447825, 1.655949643571054, 1.7540164990843563, 1.8356682789169674, 1.839220983731716, 1.8369406036870513, 1.8362849355646236, 1.8411793978509021, 1.8617541138050842, 1.853594562536806, 1.8372376613505441, 1.7690592175933342, 1.7375597040976805, 1.694409950954613, 1.7381548508211095, 1.7847823775022977, 1.873925652911631, 1.9270792067376068, 1.9514351296373686, 1.9767354048491648, 1.8944127337780365, 1.8134964275046312, 1.7731014609754165, 1.6588615614903743, 1.6252257547633093, 1.6488089050255332, 1.6210421077262207, 1.5740388336616153, 1.4264349910007534, 1.3242323746946247, 1.3072548393847467, 1.2869608195384572, 1.3044411291460976, 1.3636118324530238, 1.4221463768461784, 1.5200741424265765, 1.544094622028304, 1.5768646873597567, 1.592977697808873, 1.6446182927391655, 1.7115919351280477, 1.7896699467557027, 1.801709637374687, 1.922713797547475, 2.139500605009311, 2.3674169367189988, 2.610827755479582, 2.853178043380898, 3.1700829352706177, 3.3069175223723826, 3.6718661355664226, 3.979025825285805, 4.094462848837776, 4.266227505854164, 4.3079993578757065, 4.392098949686213, 4.3691853270720005, 4.336456777499383, 4.290299467343613], "mario-1-2": [1.9247045576945656, 1.72231648595467, 1.4653703887669918, 1.3597533170637217, 1.2087289869972735, 1.0824527933645318, 1.0031414088204351, 0.9372634938045402, 0.9829053823278876, 0.9678272243650969, 0.9463405542445699, 0.8946981386894418, 0.9405761959375069, 0.976042893756638, 0.9940060604429833, 0.9922390651330854, 1.0559553083405036, 1.0287435145543562], "mario-1-3": [3.02088699763691, 2.7649021507980316, 2.4083495359334357, 2.3306909862733165, 2.2298138255828586, 2.138839770070582, 2.1130783392935735, 2.0416345532017623, 1.9297048549111948, 1.9315905142589274], "mario-2-1": [4.6264635415012725, 4.461346281864539, 4.236091342603943, 4.1137795935167425, 3.950095606101166, 3.7633771828799065, 3.5506156503648385, 3.3995347939960885, 3.187002475411911, 3.083218691932444, 2.8155223587148925, 2.635921587208427, 2.6100666276448052, 2.6799867290130988, 2.812206600399545, 2.883934131067569, 2.9603212315696217, 2.854675863178216, 2.7440032629837146, 2.523301366485452, 2.4204921342821657, 2.373635667506639, 2.348200066808662, 2.2960864986054426, 2.1869727848013576, 2.133609850785116, 1.968374518906605, 1.8418273269783714, 1.80640942648204, 1.7337318689583496, 1.7772351497725674, 1.9116643191150036, 1.9588895255755432, 2.002163667104882, 1.9992438821863705, 2.0197402155928037, 1.9603716578155468, 1.9876833039108572, 2.0175139773436106, 2.023951784324705, 2.066415261510101, 2.0127496380058134, 2.098432746580562, 4.67468460566736, 4.7960629219136175, 4.990277643608763, 5.150735996277262, 5.408100252593475, 5.600225829900945, 5.829681708947265, 5.997418136216732, 6.093971206120052, 6.122046894850713, 6.177493437608585, 6.2200255454141455, 6.454441405845885, 6.590425702747588], "mario-3-1": [0.7778347250038627, 0.8513363525583032, 1.0166595084102894, 1.1110396598275896, 1.2420201513924731, 1.3130995964176664, 1.4604932940455313, 1.5253812440655408, 1.6600530347573097, 1.72404543382943, 1.868695606478478, 1.9247412585179957, 1.9585764064768352, 1.9470577898424495, 1.9310891517511564, 1.9187669899779614, 1.9181850979058823, 1.902031508517712, 1.8630327663070378, 1.7900946548989594, 1.758013142435109, 1.7065498391179166, 1.6413266953775112, 1.7047469836074864, 1.7368028320282523, 1.7943746566678251, 1.7391908078190974, 1.7280981745133204, 1.6062666561016818, 1.5348653424718435, 1.3444344915010895, 1.2860212433121807, 1.2129994733571479, 1.2883848666570756, 1.2611092737951017, 1.344033412782436, 1.2400722938830042, 1.207962317658015, 1.1239195963222621, 1.0869011375686741, 1.0410900208306508, 1.0550023115256766, 1.1364895679860771, 1.2156413303326894, 1.347473511532698, 1.3826281590667375, 1.4514483618480873, 1.4565401142430925, 1.4733494139946253, 1.47495173951719, 1.4897011870255856, 1.4192711241493807, 1.3925799486953847, 1.3954597714237944, 1.4307585121884472, 1.5208842871405035, 1.629785099016317], "mario-3-3": [3.671590742190027, 3.4955756264624434, 3.3366616787243886, 3.265354225680075, 3.20170022811925, 3.2937563147728453, 3.2970782844094475, 3.4653955549706374, 3.4535674560510334], "mario-4-1": [1.8377603444699022, 1.6128131256689018, 1.4776358571472687, 1.3503470070433712, 1.270822404121136, 1.2367667564831528, 1.2585581299985302, 1.2809836784140847, 1.2978898458746653, 1.3085450050594287, 1.254220624288545, 1.211599478488212, 1.1327340987410617, 1.0810199439461956, 1.0650630828462124, 1.0006567336570151, 0.9667798139408225, 0.9723292380334609, 0.9871659171679769, 1.0159857924657911, 1.0545887203158268, 1.0727094480923756, 1.1361567165285316, 1.2317890516931278, 1.2602559503026498, 1.2756550897684023, 1.2700531827649433, 1.2258023345690074, 1.179408187697805, 1.1843993764923584, 1.1843942362649142, 1.2817442506737067, 1.3018331774897616, 1.3617439866264074, 1.3309350183048654, 1.347104676656917, 1.333831116639098, 1.3340480775460803, 1.334413675407234, 1.3345669444937993, 1.3467713154307153, 1.3734955730005995, 1.4437579549637551, 1.4437949508570063, 1.4643112432212735, 1.386480583930751, 1.2707554632196663, 1.1918066655807, 1.11937651088501, 1.0486162578731955, 1.0094793071584602, 0.9334610928899557, 0.921413812108198, 0.9214431035336305, 0.9214550925821795, 0.9095216120671934, 0.8829067512576115, 0.8110774061638073, 0.7382390945599122, 0.6476201508151708, 0.592719553670089, 0.5980844131098888, 0.6722791449521447, 0.8398517389967479, 1.0863239189221545, 1.398257927807795, 1.506750132977547, 1.6512836904342756, 1.7962645933196228, 1.931677463474346, 1.994624535512472, 2.132275164922275, 2.3717534173143484, 2.661916282821839, 2.9896242338546886, 3.1584000688129144, 3.415058566748779, 3.5410561302139065, 3.705944487524076, 3.7542478040411402, 3.7484196171639383, 3.8093832885111105], "mario-4-2": [2.828557409432822, 2.5181717706296465, 2.4624657491021, 2.399752030554439, 2.3784502804789223, 2.4052674164532326, 2.4578109708897182, 2.4435201251657555, 2.363622747733519, 2.382462796301223, 2.303378334068544, 2.33746891707776, 2.2717311691344295, 2.1929539236897857, 2.2256249479785692, 2.199946400931876, 2.2160481557258573, 2.194772893311954, 2.2176222958096714, 2.266524487335949, 2.2935115398923105, 2.4358419449754587, 2.464398018359885, 2.6301228279533198, 2.6930108795047127, 2.8188814227215997, 2.801321629165451, 2.7272721889217872, 2.5786428583907495, 2.557403941061034, 2.2132597874396054, 2.1608650775549676, 2.1367916703438796, 2.1001617469899885, 2.0762799948886514, 2.170961691201484, 2.239176666938619, 2.2349653354511263, 2.4100701382259513, 2.5008213060386524, 2.6495262039409484, 2.8922920258435267, 3.0779646967153527, 3.0341614110733652, 3.144856860987652, 3.1874134978940694, 3.0972942461793767], "mario-5-3": [3.020891498380131, 2.764904305486077, 2.4083505990302325, 2.330691409836413, 2.2298142416700903, 2.138838138771907, 2.1130766827747656, 2.041631106010606, 1.9297013964911571, 1.9315872432104124], "mario-6-1": [2.832173867217592, 2.8405049276012306, 2.7679898891668375, 2.7554497135806484, 2.672479914417374, 2.5175884471133902, 2.276028074055924, 2.130931402418716, 1.9973961562836777, 1.9879026025644284, 1.9399094491155562, 1.9631401830507935, 1.863880424458616, 1.6951992330685874, 1.528594194411642, 1.3247066888565031, 1.3079159004653957, 1.3069788068176698, 1.3640973899658404, 1.3903720084672524, 1.4324721421383801, 1.3887735466903812, 1.4048594925555657, 1.4018864225300995, 1.4216711595887523, 1.5209829381058173, 1.6065939880062408, 1.689129769746651, 1.788172382721418, 1.9368015085971955, 2.211068597073304, 2.432147192580952, 2.5561970893488803, 2.752079961841782, 2.8449570282141226, 2.950556917525357, 2.9637986085167105, 2.836608539551746, 2.7644322365661553, 2.6319709225117833, 2.673612831062362, 2.6481086711411526, 2.7302481197350628, 2.760877858939119],