{"fc": -1.8608542793761855, "fb": -1.4787988172206554}