{"fc": -1.6679454131098592, "fb": 0.8417185966601162}