{"fc": 0.6149351456829939, "fb": 0.856384680623847}