{"fc": 0.793337561420732, "fb": -0.6677255645679697}