{"fc": 0.8428697210314864, "fb": 0.8311232374685014}