{"fc": 0.9284425191279454, "fb": 0.9812506084881941}