{"fc": -0.7611349098106168, "fb": -0.5035509241664601}