{"fc": -2.270069851922988, "fb": 0.8872145848368109}