{"fc": 0.6106867140677433, "fb": 0.6386411384953374}