{"fc": 0.6050662342265671, "fb": 0.8015010020042267}