{"fc": 0.850261829815147, "fb": -0.7492504392749701}