{"fc": 0.8191471952180667, "fb": 0.5113329382532883}